<?xml version="1.0" encoding="UTF-8"?>
<project-private xmlns="http://www.netbeans.org/ns/project-private/1">
    <editor-bookmarks xmlns="http://www.netbeans.org/ns/editor-bookmarks/2" lastBookmarkId="0"/>
    <open-files xmlns="http://www.netbeans.org/ns/projectui-open-files/2">
        <group>
            <file>file:/D:/Project%202/Student-Manager/src/Views/insert_class.fxml</file>
            <file>file:/D:/Project%202/Student-Manager/src/Controller/IndexController.java</file>
            <file>file:/D:/Project%202/Student-Manager/src/Views/list_class.fxml</file>
            <file>file:/D:/Project%202/Student-Manager/src/Controller/EditClassController.java</file>
        </group>
    </open-files>
</project-private>
